codename,status
GraphiteRaven,qualification participant registered
FrostCipher,planned
ObsidianMoth,planned
SilverKestrel,planned
NeonJackal,planned
CobaltWraith,planned
ArcticViper,planned
GhostFinch,planned
CarbonLynx,planned
VelvetRook,planned
OnyxMantis,planned
CopperSpecter,planned
SableCircuit,planned
WinterFox,planned
AshenFalcon,planned
PolarEcho,planned
ChromeWolf,planned
IvoryCrow,planned
CrimsonOwl,planned
SteelMirage,planned
QuartzBadger,planned
NightHeron,planned
AmberHawk,planned
IronOtter,planned
SilentComet,planned
VioletLark,planned
BlackPeregrine,planned
GlacialByte,planned
TungstenShade,planned
LunarMagpie,planned
