employee_id,name,work_email,department,team,role,manager,start_date,current_role_effective,previous_team,previous_role,work_pattern,site,distribution_groups
ROWAN,Rowan Ito,rowan.ito@keplerops.com,Product engineering,Core product,FieldKest developer,Adele Aldren,2018-01-01,2018-01-01,,Earlier core product assignment,hybrid,Regional office,keplerops-staff; keplerops-product-engineering; keplerops-core-product
KWM001,Adele Aldren,adele.aldren@keplerops.com,Product engineering,Core product,Core product lead,Leah Calder-Voss,2023-08-12,2023-08-12,,Product engineer,hybrid,Regional office,keplerops-staff; keplerops-product-engineering; keplerops-core-product
KWM002,Alix Harlowe,alix.harlowe@keplerops.com,Product engineering,Core product,Product engineer,Adele Aldren,2019-03-23,2019-03-23,,Product engineer,remote,Regional office,keplerops-staff; keplerops-product-engineering; keplerops-core-product
KWM003,Amara Radvell,amara.radvell@keplerops.com,Product engineering,Core product,Product engineer,Adele Aldren,2026-02-07,2026-02-07,,,office,Regional office,keplerops-staff; keplerops-product-engineering; keplerops-core-product
KWM004,Anika Belsart,anika.belsart@keplerops.com,Product engineering,Core product,Product engineer,Adele Aldren,2022-05-18,2022-05-18,,Product engineer,hybrid,Regional office,keplerops-staff; keplerops-product-engineering; keplerops-core-product
KWM005,Ari Havelin,ari.havelin@keplerops.com,Product engineering,Core product,Product engineer,Adele Aldren,2018-12-02,2018-12-02,,Earlier core product assignment,hybrid,Regional office,keplerops-staff; keplerops-product-engineering; keplerops-core-product
KWM006,Avery Renshaw,avery.renshaw@keplerops.com,Product engineering,Core product,Product engineer,Adele Aldren,2025-07-13,2025-07-13,,,remote,Regional office,keplerops-staff; keplerops-product-engineering; keplerops-core-product
KWM007,Beatrice Bravelle,beatrice.bravelle@keplerops.com,Product engineering,Connectors,Connectors lead,Adele Aldren,2021-02-24,2026-06-01,Experience,"Team member, experience",hybrid,Regional office,keplerops-staff; keplerops-product-engineering; keplerops-connectors
KWM008,Ben Iversen,ben.iversen@keplerops.com,Product engineering,Connectors,Connector engineer,Beatrice Bravelle,2017-09-08,2017-09-08,,Connector engineer,hybrid,Regional office,keplerops-staff; keplerops-product-engineering; keplerops-connectors
KWM009,Callum Rivelin,callum.rivelin@keplerops.com,Product engineering,Connectors,Connector engineer,Beatrice Bravelle,2024-04-19,2024-04-19,,Connector engineer,remote,Regional office,keplerops-staff; keplerops-product-engineering; keplerops-connectors
KWM010,Camille Carsten,camille.carsten@keplerops.com,Product engineering,Connectors,Connector engineer,Beatrice Bravelle,2020-11-03,2020-11-03,,Connector engineer,office,Regional office,keplerops-staff; keplerops-product-engineering; keplerops-connectors
KWM011,Cara Jorrel,cara.jorrel@keplerops.com,Product engineering,Connectors,Connector engineer,Beatrice Bravelle,2016-06-14,2016-06-14,,Connector engineer,hybrid,Regional office,keplerops-staff; keplerops-product-engineering; keplerops-connectors
KWM012,Celia Sarnell,celia.sarnell@keplerops.com,Product engineering,Connectors,Connector engineer,Beatrice Bravelle,2023-01-25,2023-01-25,,Earlier connectors assignment,hybrid,Regional office,keplerops-staff; keplerops-product-engineering; keplerops-connectors
KWM013,Cian Cavelin,cian.cavelin@keplerops.com,Product engineering,Experience,Experience lead,Adele Aldren,2019-08-09,2026-06-01,Customer integrations,"Team member, customer integrations",hybrid,Regional office,keplerops-staff; keplerops-product-engineering; keplerops-experience
KWM014,Corin Kelswick,corin.kelswick@keplerops.com,Product engineering,Experience,Interface engineer,Cian Cavelin,2026-03-20,2026-03-20,,,hybrid,Regional office,keplerops-staff; keplerops-product-engineering; keplerops-experience
KWM015,Dana Selwyn,dana.selwyn@keplerops.com,Product engineering,Experience,Interface engineer,Cian Cavelin,2022-10-04,2022-10-04,,Interface engineer,remote,Regional office,keplerops-staff; keplerops-product-engineering; keplerops-experience
KWM016,Dario Cernault,dario.cernault@keplerops.com,Product engineering,Experience,Interface engineer,Cian Cavelin,2018-05-15,2018-05-15,,Interface engineer,office,Regional office,keplerops-staff; keplerops-product-engineering; keplerops-experience
KWM017,Della Larmont,della.larmont@keplerops.com,Product engineering,Experience,Interface engineer,Cian Cavelin,2025-12-26,2025-12-26,,,hybrid,Regional office,keplerops-staff; keplerops-product-engineering; keplerops-experience
KWM018,Dev Senvard,dev.senvard@keplerops.com,Product engineering,Customer integrations,Customer integrations lead,Adele Aldren,2021-07-10,2026-06-01,Core product,"Team member, core product",hybrid,Regional office,keplerops-staff; keplerops-product-engineering; keplerops-customer-integrations
KWM019,Edda Dalver,edda.dalver@keplerops.com,Product engineering,Customer integrations,Integration engineer,Dev Senvard,2017-02-21,2017-02-21,,Integration engineer,hybrid,Regional office,keplerops-staff; keplerops-product-engineering; keplerops-customer-integrations
KWM020,Eira Lestrel,eira.lestrel@keplerops.com,Product engineering,Customer integrations,Integration engineer,Dev Senvard,2024-09-05,2024-09-05,,Integration engineer,remote,Regional office,keplerops-staff; keplerops-product-engineering; keplerops-customer-integrations
KWM021,Elias Tarlowe,elias.tarlowe@keplerops.com,Product engineering,Customer integrations,Integration engineer,Dev Senvard,2020-04-16,2020-04-16,,Integration engineer,office,Regional office,keplerops-staff; keplerops-product-engineering; keplerops-customer-integrations
MAYA,Maya Ranscombe,maya.ranscombe@keplerops.com,Support and implementation,Customer support,Customer support engineer,Elin Danwick,2019-11-27,2019-11-27,,Earlier customer support assignment,hybrid,Regional office,keplerops-staff; keplerops-support-and-implementation; keplerops-customer-support
TALIA,Talia Mornac,talia.mornac@keplerops.com,Support and implementation,Customer support,Support quality reviewer,Elin Danwick,2023-06-11,2023-06-11,,Support engineer,hybrid,Regional office,keplerops-staff; keplerops-support-and-implementation; keplerops-customer-support
KWM022,Elin Danwick,elin.danwick@keplerops.com,Support and implementation,Customer support,Customer support lead,Leah Calder-Voss,2016-04-22,2016-04-22,,Support engineer,remote,Regional office,keplerops-staff; keplerops-support-and-implementation; keplerops-customer-support
KWM023,Emre Maraven,emre.maraven@keplerops.com,Support and implementation,Customer support,Support engineer,Elin Danwick,2023-08-06,2023-08-06,,Support engineer,office,Regional office,keplerops-staff; keplerops-support-and-implementation; keplerops-customer-support
KWM024,Farah Telmire,farah.telmire@keplerops.com,Support and implementation,Customer support,Support engineer,Elin Danwick,2019-03-17,2019-03-17,,Support engineer,hybrid,Regional office,keplerops-staff; keplerops-support-and-implementation; keplerops-customer-support
KWM025,Felix Darsell,felix.darsell@keplerops.com,Support and implementation,Customer support,Support engineer,Elin Danwick,2026-02-01,2026-02-01,,,hybrid,Regional office,keplerops-staff; keplerops-support-and-implementation; keplerops-customer-support
KWM026,Finn Marrent,finn.marrent@keplerops.com,Support and implementation,Implementation,Implementation lead,Elin Danwick,2022-05-12,2026-06-01,Enablement,"Team member, enablement",hybrid,Regional office,keplerops-staff; keplerops-support-and-implementation; keplerops-implementation
KWM027,Flora Torren,flora.torren@keplerops.com,Support and implementation,Implementation,Implementation specialist,Finn Marrent,2018-12-23,2018-12-23,,Implementation specialist,hybrid,Regional office,keplerops-staff; keplerops-support-and-implementation; keplerops-implementation
KWM028,Gabriel Delmont,gabriel.delmont@keplerops.com,Support and implementation,Implementation,Implementation specialist,Finn Marrent,2025-07-07,2025-07-07,,,remote,Regional office,keplerops-staff; keplerops-support-and-implementation; keplerops-implementation
KWM029,Hana Mavell,hana.mavell@keplerops.com,Support and implementation,Implementation,Implementation specialist,Finn Marrent,2021-02-18,2021-02-18,,Implementation specialist,office,Regional office,keplerops-staff; keplerops-support-and-implementation; keplerops-implementation
KWM030,Harriet Velswick,harriet.velswick@keplerops.com,Support and implementation,Implementation,Implementation specialist,Finn Marrent,2017-09-02,2017-09-02,,Implementation specialist,hybrid,Regional office,keplerops-staff; keplerops-support-and-implementation; keplerops-implementation
KWM031,Hugo Dravik,hugo.dravik@keplerops.com,Support and implementation,Enablement,Enablement lead,Elin Danwick,2024-04-13,2026-06-01,Customer support,"Team member, customer support",hybrid,Regional office,keplerops-staff; keplerops-support-and-implementation; keplerops-enablement
KWM032,Idris Narsen,idris.narsen@keplerops.com,Support and implementation,Enablement,Training specialist,Hugo Dravik,2020-11-24,2020-11-24,,Training specialist,hybrid,Regional office,keplerops-staff; keplerops-support-and-implementation; keplerops-enablement
KWM033,Imani Verrin,imani.verrin@keplerops.com,Support and implementation,Enablement,Training specialist,Hugo Dravik,2016-06-08,2016-06-08,,Training specialist,remote,Regional office,keplerops-staff; keplerops-support-and-implementation; keplerops-enablement
EVAN,Evan Calderoux,evan.calderoux@keplerops.com,Platform and release,Release engineering,Release engineer,Iris Edran,2019-01-19,2019-01-19,,Earlier release engineering assignment,hybrid,Regional office,keplerops-staff; keplerops-platform-and-release; keplerops-release-engineering
KWM034,Iris Edran,iris.edran@keplerops.com,Platform and release,Release engineering,Release engineering lead,Leah Calder-Voss,2023-08-03,2023-08-03,,Release engineer,hybrid,Regional office,keplerops-staff; keplerops-platform-and-release; keplerops-release-engineering
KWM035,Isabel Nelcourt,isabel.nelcourt@keplerops.com,Platform and release,Release engineering,Release engineer,Iris Edran,2019-03-14,2019-03-14,,Release engineer,remote,Regional office,keplerops-staff; keplerops-platform-and-release; keplerops-release-engineering
NOOR,Noor Aveling,noor.aveling@keplerops.com,Platform and release,Service operations,Platform and workload operator,Jalen Warden,2020-10-25,2020-10-25,,Earlier service operations assignment,hybrid,Regional office,keplerops-staff; keplerops-platform-and-release; keplerops-service-operations
KWM036,Jalen Warden,jalen.warden@keplerops.com,Platform and release,Service operations,Service operations lead,Iris Edran,2026-01-09,2026-01-09,,,hybrid,Regional office,keplerops-staff; keplerops-platform-and-release; keplerops-service-operations
KWM037,Jamie Elvarn,jamie.elvarn@keplerops.com,Platform and release,Service operations,Platform operator,Jalen Warden,2022-12-20,2022-12-20,,Platform operator,remote,Regional office,keplerops-staff; keplerops-platform-and-release; keplerops-service-operations
KWM038,Jonas Odrin,jonas.odrin@keplerops.com,Platform and release,Service operations,Platform operator,Jalen Warden,2018-07-04,2018-07-04,,Platform operator,office,Regional office,keplerops-staff; keplerops-platform-and-release; keplerops-service-operations
KWM039,Jory Wellard,jory.wellard@keplerops.com,Product management and quality,Product management,Head of product management and quality,Leah Calder-Voss,2025-02-15,2026-06-01,Quality assurance,"Team member, quality assurance",hybrid,Regional office,keplerops-staff; keplerops-product-management-and-quality; keplerops-product-management
KWM040,Kaisa Fennard,kaisa.fennard@keplerops.com,Product management and quality,Product management,Product manager,Jory Wellard,2021-09-26,2021-09-26,,Product manager,hybrid,Regional office,keplerops-staff; keplerops-product-management-and-quality; keplerops-product-management
KWM041,Kiran Orvel,kiran.orvel@keplerops.com,Product management and quality,Product management,Product manager,Jory Wellard,2017-04-10,2017-04-10,,Product manager,remote,Regional office,keplerops-staff; keplerops-product-management-and-quality; keplerops-product-management
KWM042,Lara Velswick,lara.velswick@keplerops.com,Product management and quality,Quality assurance,Quality assurance lead,Jory Wellard,2024-11-21,2026-06-01,Product management,"Team member, product management",hybrid,Regional office,keplerops-staff; keplerops-product-management-and-quality; keplerops-quality-assurance
KWM043,Leila Ferrell,leila.ferrell@keplerops.com,Product management and quality,Quality assurance,Quality analyst,Lara Velswick,2020-06-05,2020-06-05,,Quality analyst,hybrid,Regional office,keplerops-staff; keplerops-product-management-and-quality; keplerops-quality-assurance
KWM044,Lena Parnell,lena.parnell@keplerops.com,Product management and quality,Quality assurance,Quality analyst,Lara Velswick,2016-04-16,2016-04-16,,Quality analyst,remote,Regional office,keplerops-staff; keplerops-product-management-and-quality; keplerops-quality-assurance
KWM045,Leo Yervan,leo.yervan@keplerops.com,Product management and quality,Quality assurance,Quality analyst,Lara Velswick,2023-08-27,2023-08-27,,Quality analyst,office,Regional office,keplerops-staff; keplerops-product-management-and-quality; keplerops-quality-assurance
KWM046,Lila Garsen,lila.garsen@keplerops.com,Product management and quality,Quality assurance,Quality analyst,Lara Velswick,2019-03-11,2019-03-11,,Quality analyst,hybrid,Regional office,keplerops-staff; keplerops-product-management-and-quality; keplerops-quality-assurance
KWM047,Lina Peveran,lina.peveran@keplerops.com,Commercial,Accounts,Head of commercial,Leah Calder-Voss,2026-02-22,2026-06-01,Proposals,"Team member, proposals",hybrid,Regional office,keplerops-staff; keplerops-commercial; keplerops-accounts
KWM048,Louis Zorrel,louis.zorrel@keplerops.com,Commercial,Accounts,Account manager,Lina Peveran,2022-05-06,2022-05-06,,Account manager,hybrid,Regional office,keplerops-staff; keplerops-commercial; keplerops-accounts
KWM049,Luca Gervain,luca.gervain@keplerops.com,Commercial,Accounts,Account manager,Lina Peveran,2018-12-17,2018-12-17,,Account manager,remote,Regional office,keplerops-staff; keplerops-commercial; keplerops-accounts
KWM050,Mara Quillan,mara.quillan@keplerops.com,Commercial,Accounts,Account manager,Lina Peveran,2025-07-01,2025-07-01,,,office,Regional office,keplerops-staff; keplerops-commercial; keplerops-accounts
KWM051,Margot Aldren,margot.aldren@keplerops.com,Commercial,Proposals,Proposals lead,Lina Peveran,2021-02-12,2026-06-01,Accounts,"Team member, accounts",hybrid,Regional office,keplerops-staff; keplerops-commercial; keplerops-proposals
KWM052,Martin Harlowe,martin.harlowe@keplerops.com,Commercial,Proposals,Commercial coordinator,Margot Aldren,2017-09-23,2017-09-23,,Commercial coordinator,hybrid,Regional office,keplerops-staff; keplerops-commercial; keplerops-proposals
LEAH,Leah Calder-Voss,leah.calder-voss@keplerops.com,Leadership and business operations,Executive,Founder and managing director,,2016-03-14,2016-03-14,,Earlier executive assignment,hybrid,Regional office,keplerops-staff; keplerops-leadership-and-business-operations; keplerops-executive
KWM053,Mica Radvell,mica.radvell@keplerops.com,Leadership and business operations,Executive,Business director,Leah Calder-Voss,2024-11-18,2024-11-18,,Business director,hybrid,Regional office,keplerops-staff; keplerops-leadership-and-business-operations; keplerops-executive
KWM054,Mira Belsart,mira.belsart@keplerops.com,Leadership and business operations,People operations,People operations lead,Leah Calder-Voss,2020-06-02,2026-06-01,Finance,"Team member, finance",hybrid,Regional office,keplerops-staff; keplerops-leadership-and-business-operations; keplerops-people-operations
KWM055,Morgan Havelin,morgan.havelin@keplerops.com,Leadership and business operations,People operations,People coordinator,Mira Belsart,2016-04-13,2016-04-13,,People coordinator,hybrid,Regional office,keplerops-staff; keplerops-leadership-and-business-operations; keplerops-people-operations
KWM056,Nella Renshaw,nella.renshaw@keplerops.com,Leadership and business operations,Finance,Finance lead,Leah Calder-Voss,2023-08-24,2026-06-01,Office,"Team member, office",hybrid,Regional office,keplerops-staff; keplerops-leadership-and-business-operations; keplerops-finance
KWM057,Niamh Bravelle,niamh.bravelle@keplerops.com,Leadership and business operations,Finance,Finance officer,Nella Renshaw,2019-03-08,2019-03-08,,Finance officer,hybrid,Regional office,keplerops-staff; keplerops-leadership-and-business-operations; keplerops-finance
KWM058,Niko Rensart,niko.rensart@keplerops.com,Leadership and business operations,Office,Office lead,Leah Calder-Voss,2026-06-19,2026-06-19,,,hybrid,Regional office,keplerops-staff; keplerops-leadership-and-business-operations; keplerops-office
