id,phase,chapter,operation,primary_work,easy,medium,hard,expert,elite,available_from,work_and_effect,references
T01,Training,Workbench,First contact,Foundations,4,0,0,0,0,Start,Inspect a local artifact; follow a web clue; use a scoped credential; verify actual service state.,
T02,Training,Accounts,Someone can log in,Identity,3,1,0,0,0,Start,Read application behavior; find an exposed resource; use the resulting identity; cross one simple object boundary.,
T03,Training,Developer artifacts,Left in the checkout,Supply,3,1,0,0,0,Start,Inspect history; recover a synthetic secret; read a package; adapt its example client to reach the intended service.,
T04,Training,State,Trust the instrument,Process,2,2,0,0,0,Start,Read a small simulator; decode its fields; change an allowed state; resolve a misleading client report from independent observations.,
K01,KeplerOps,Borrowed desk,Desk drawer,Foundations,4,0,0,0,0,Developer foothold,Recover repository access (G01); inspect a browser artifact; retrieve an exposed work file; demonstrate a limited local service action. Each is a separate simple surface.,
K02,KeplerOps,Borrowed desk,The first green report,Supply,3,2,0,0,0,Developer foothold,"Understand a failing test fixture, recover its input, trace an import, alter the test job, and make the changed report appear. The first completed supplier episode.",
K03,KeplerOps,Borrowed desk,Quiet callback,Analysis,0,1,2,0,0,Developer foothold,Recover an old Cinder staging artifact; unpack its embedded script; reconstruct the final callback configuration to recover the earlier operation's collection.,C04
K04,KeplerOps,Borrowed desk,The native indexer,Native,0,0,1,1,2,Developer foothold; local reproducer supplied,Find the constrained corruption; obtain useful leaks; turn partial pointer control into allocator control; achieve execution despite blocked convenient targets. The indexer processes support bundles.,C03
K05,KeplerOps,Package line,What the customer installs,Supply,2,2,0,0,0,G01,Exercise the package interface (G03); recover version history; resolve a manifest discrepancy; prove which dependency the consumer actually selects.,
K06,KeplerOps,Package line,House package,Supply,0,4,0,0,0,G03,"Recover registry configuration through the importer (A01), obtain publication authority (A02), recover a distinct private package, and alter an independent test consumer. A01/A02 merge if they prove inseparable.",C01
K07,KeplerOps,Package line,One request too many,Application,0,2,2,1,0,G01; registry inspection access,Map the inspection API and its protected function; identify an upgrade response discrepancy; model the two request parsers; construct a reproducible framing exploit; exercise the protected inspector function. Raw database-protocol construction belongs to W11.,C05
K08,KeplerOps,Package line,"Four keys, one entitlement",Crypto,0,1,2,0,0,G01; legacy license test service,"Identify the old entitlement format; recover the encryption context; exploit equivalent-key behavior in the retained legacy checker. This is an obsolete compatibility path, not a claim against modern signatures.",C06
K09,KeplerOps,Build and preview,Runner diary,Supply,2,2,0,0,0,G01,"Use a log disclosure, recover an omitted build artifact, alter an unsafe job input, and demonstrate execution in that job's limited context.",
K10,KeplerOps,Build and preview,Preview belongs to whom,Application,0,2,1,0,0,G01; preview source available,Characterize the preview boundary; identify ambiguous binding of its inputs; construct a document that crosses the intended isolation boundary.,C09
K11,KeplerOps,Build and preview,The compiler knows,Native,0,1,2,1,0,G01; rules compiler artifact,"Find the compiled policy entry point, recover virtual instruction semantics, lift the actual constraint program, and generate a package policy input it accepts.",C07
K12,KeplerOps,Build and preview,Approved in the browser,Application,0,0,1,2,2,G01; ordinary preview account,Exploit account confirmation ordering; obtain a protected browser value; make a same-origin action occur; subvert the preview worker; use the resulting administrative renderer behavior for execution.,C08
K13,KeplerOps,Cloud workspace,Cloud notebook,Cloud,3,1,0,0,0,G01,"Use an exposed object listing, recover a previous object version, discover a separate export, and establish the supplied workload identity's actual access.",
K14,KeplerOps,Cloud workspace,The wrong audience,Cloud,1,3,0,0,0,K09 job execution OR K13 workload discovery,"Inspect a token, discover an overly broad trust condition, exchange it for a role in the lab, and exercise that role against the intended resource. The exchange and use must enforce different conditions.",
K15,KeplerOps,Cloud workspace,Support has an export,Cloud,1,3,0,0,0,K13 OR K17,Find a customer export job; cross an object-authorization boundary; change a destination through delegated job rights; retrieve the resulting bounded data collection.,
K16,KeplerOps,Cloud workspace,The job that survives,Cloud,1,3,0,0,0,K14 OR K15,Discover a scheduled workflow; change its startup configuration; establish a separate execution context; demonstrate recurrence across a simulated shift change. No real waiting required.,
K17,KeplerOps,People and authority,Support session,Identity,2,2,0,0,0,G01,Recover the limited support session (B01); use a distinct account-recovery weakness; enumerate its actual customer scope; exploit one delegated support action.,
K18,KeplerOps,People and authority,Federated notes,Identity,0,1,2,1,0,K17 ordinary access,Understand support note processing; exploit its client-side binding; change the identity-provider configuration; cross the backend query boundary through the altered identity response.,C18
K19,KeplerOps,People and authority,Borrowed colleague,Identity,0,1,1,1,1,K17 OR K09; isolated staff workflow,Identify the certificate trust error; establish a colleague identity; influence the archive-processing workflow; obtain a usable delegated authentication context. This adapts the first half of a longer machine.,C10
K20,KeplerOps,People and authority,The service wears a person,Identity,0,1,1,1,1,K19 delegated context,Map the delegation relationship; complete the relay/delegation chain; obtain the managed service capability; demonstrate impersonation against the protected release administration function.,C10
K21,KeplerOps,Assistant desk,Policy in the margins,AI,2,1,0,0,0,G01,Read exposed assistant configuration; recover a separate retained conversation; use the discovered context to extract a synthetic restricted support datum. Only the last achievement needs inference.,C02
K22,KeplerOps,Assistant desk,Helpful attachment,AI,1,2,0,0,0,K17 ordinary access,Discover what the assistant retrieves; introduce an instruction through a support attachment; cause a bounded unauthorized tool action whose effect is independently visible.,ATLAS
K23,KeplerOps,Assistant desk,The missing tenant filter,AI,2,1,0,0,0,K17 ordinary access,Find a context endpoint; recover an exposed conversation identifier; cross the retrieval authorization boundary to another fictional customer's document. Deterministic application flaw.,ATLAS
K24,KeplerOps,Assistant desk,Complete and run,AI,1,2,0,0,0,K21 configuration access,Discover the completion feature; abuse its context selection to obtain its scoped key; exploit the application's decision to execute completed code. No sophisticated jailbreak required.,C02
K25,KeplerOps,Customer delivery,ARWC is a real customer,Analysis,2,1,0,0,0,G01,Recover the customer record; connect a separate support attachment to the product deployment; reconcile the active tenant and revision (G02).,
K26,KeplerOps,Customer delivery,Customer accepted,Supply,0,3,0,0,0,A02 AND G02,Build and publish a compatible changed package (A03); demonstrate ARWC consumption and corporate execution (A04); exploit a separate rollback/version-selection weakness for an optional retained delivery capability.,C01
K27,KeplerOps,Customer delivery,Diagnostic delivery,Supply,0,3,0,0,0,B01 AND G02 AND G03,Bind a diagnostic job to the correct customer (B02); alter its package through the template/import boundary (B03); demonstrate the equivalent corporate execution effect (B04).,
K28,KeplerOps,Customer delivery,The release has a second life,Native,0,1,2,0,0,G01; archived customer connector binary,Recognize environment-dependent behavior; reconstruct the indirect-function hook; recover the runtime-decoded diagnostic path. Its output supplies an optional engineering clue later at ARWC.,C11
W01,ARWC,Corporate arrival,New letterhead,Foundations,3,1,0,0,0,ARWC corporate execution,"Find the local integration artifact, read an exposed handover, use a separate corporate resource, and demonstrate a limited application action. Customer-side evidence gives the transition its payoff.",
W02,ARWC,Corporate arrival,Names do not match,Analysis,2,2,0,0,0,ARWC corporate execution,Recover the asset register and a separate contractor export; reconcile their identifiers; exploit a confused object association to retrieve an otherwise inaccessible maintenance record.,
W03,ARWC,Corporate arrival,The work-order annex,Application,1,2,0,0,0,ARWC corporate execution,Find the annex importer; exploit its file-reference boundary; recover a read integration configuration used with W09 for OT visibility.,
W04,ARWC,Corporate arrival,Archive hatch,Application,0,1,2,1,0,ARWC corporate execution; attachment service,Understand the archive workflow; pass a crafted certificate-derived value into its graph query; cross the query boundary; turn the archive helper's unsafe argument handling into execution. Different stages from K07.,C05
W05,ARWC,Corporate trust,The temporary employee,Identity,2,1,0,0,0,ARWC corporate execution,Recover two independently exposed onboarding artifacts and exploit a role-assignment mistake to establish a limited staff identity.,
W06,ARWC,Corporate trust,Someone else's browser,Identity,0,1,2,1,0,W05 OR W04,Identify the login state flaw; place an input that becomes client-side code; compose the login and rendering behaviors; cross the session boundary through cookie handling.,C19
W07,ARWC,Corporate trust,The read-only query,Application,0,1,2,1,0,W06 browser capability,Discover the protected query feature; overcome its statement restriction; reach privileged database behavior; demonstrate execution despite the apparent read-only interface. This is the server-side half of C19.,C19
W08,ARWC,Corporate trust,A contractor left something,Analysis,0,2,2,0,0,W05 OR W03,"Recover a hidden script, reconstruct its messaging exchange, extract the associated compiled collector, and dynamically recover its protected configuration. All messaging is represented inside the fictional range.",C20
W09,ARWC,Water on paper,The missing megalitre,Analysis,2,2,0,0,0,ARWC corporate execution,"Recover the allocation ledger and a separate meter export; align units and dates; demonstrate the reserve discrepancy. With W03, identify and use the read-only process-data integration.",
W10,ARWC,Water on paper,Another district's answer,AI,1,2,0,0,0,ARWC corporate execution,Discover the report assistant's source selection; cross its district filter; retrieve a restricted planning record through the exposed retrieval path. No authority to operate the plant.,ATLAS
W11,ARWC,Water on paper,Records behind the graph,Application,0,2,1,1,0,W02 OR W09,Trace the asset relation service; identify its raw backend interface; construct the required backend exchange; extract a protected relation without general administrator access.,C05
W12,ARWC,Water on paper,Cold archive,Analysis,0,1,2,1,0,W08 OR W11,Recover a quarantined legacy collector; reconstruct its cryptographic behavior; recover a lost archive; connect that recovered content to a still-usable data path. No ransomware deployment.,C17
W13,ARWC,Maintenance,Window on Thursday,Identity,2,2,0,0,0,ARWC corporate execution,"Recover the appointment and a separate access roster; exploit an appointment ownership flaw; establish a scoped contractor session. The clock is a resettable scenario state, not real waiting.",
W14,ARWC,Maintenance,The field bag,Analysis,1,2,0,0,0,W13 contractor session,Recover a field export; distinguish an obsolete endpoint from the active service; use the contractor's documented read access. This completes the other medium OT-visibility route.,
W15,ARWC,Maintenance,The cached drawing,Application,0,1,2,1,0,W13 OR W03,Trace the project cache; exploit header injection to poison its response; cross the resulting session boundary; recover a protected maintenance approval artifact through the downstream token-validation flaw.,C24
W16,ARWC,Maintenance,The instrument whispers,Native,0,1,1,1,1,ARWC corporate execution; retained diagnostic binary,"Recover the sequencer interface; identify an out-of-bounds observation path; build a controlled timing experiment; recover protected calibration data from the measured signal. Optional research, not an access gate.",C14
W17,ARWC,OT observation,First live trace,Process,3,1,0,0,0,Either OT-visibility route,"Read live values, identify a mode, find a tag from its engineering description, and correlate a benign test with independent telemetry.",
W18,ARWC,OT observation,Tags that lie,Process,2,2,0,0,0,OT visibility,Recover a tag export and a separate scale table; resolve the unit/revision mismatch; identify the real outlet group by observed behavior. No blind guessing of registers.,
W19,ARWC,OT observation,The old diagnostic,Native,0,1,2,1,0,OT visibility; K28 is helpful but optional,Locate the engineering diagnostic; identify its mixed instruction modes; recover the hidden check logic; reconstruct an alternate source of process mapping. K28 explains the product history but does not supply this different solution.,C21
W20,ARWC,OT observation,Write before erase,Embedded,0,1,2,0,0,OT visibility; retained maintenance image,"Read the flash interface; recover its event layout and checks; modify a selected maintenance record while preserving unrelated sector contents. A simulated device interface, no physical kit per player.",C12
W21,ARWC,Engineering,Which project is running,Analysis,2,1,0,0,0,OT visibility,Recover the project and independent commissioning note; reconcile the deployed revision. This supplies the process interpretation branch and engineering-utility access context.,
W22,ARWC,Engineering,The sealed project,Native,0,1,2,1,0,W21,"Recover the protected project viewer; identify its embedded bytecode machine; emulate the key-producing program; decrypt and interpret the engineering project it protects. This uses runtime emulation, unlike K11's compile-time constraint lifting.",C25
W23,ARWC,Engineering,A measurement that never existed,Native,0,0,1,1,2,OT visibility; estimator reproducer,"Diagnose the measurement-list lifecycle error; construct a memory primitive; influence the estimator's actual state; produce a controlled, independently measured false estimate.",C13
W24,ARWC,Engineering,Two answers from one box,Crypto,0,1,2,1,0,W21,Identify the legacy recovery interface; predict which oracle answers; reconstruct the protected value under its query budget; use that value for a separate diagnostic function. Keep the cryptographic defect in a documented obsolete product component.,C23
W25,ARWC,Control,Mode and meaning,Process,2,2,0,0,0,OT visibility,"Observe operating mode, read a separate interlock state, distinguish request acceptance from actuation, and establish the allowed command sequence in a practice model.",
W26,ARWC,Control,The approval that became a command,Application,0,1,2,1,0,W13 AND W15,Identify the maintenance renderer; gain its application authority; turn unsafe renderer behavior into execution in the scoped maintenance context; demonstrate a usable control client. This uses the server-side tail of C08.,C08
W27,ARWC,Control,A valid-looking program,Crypto,0,0,1,1,2,W21; isolated program verifier,Reverse the legacy program checksum; model its linear structure; construct a collision with the required engineering meaning; obtain acceptance for a changed diagnostic program. No claim to break a modern signature.,C15
W28,ARWC,Control,The utility has no room,Native,0,1,2,0,0,W21,Characterize the small engineering utility; build a control-flow exploit with its constrained code surface; retain the correct execution privilege to obtain the scoped control capability.,C16
W29,ARWC,Release and consequences,Paper truth,Process,1,2,0,0,0,OT visibility,"Recover the current allocation rule; use actual observations to reconcile usable reserve; model a release with the supplied volume equation. This establishes the consequence, not an extra exploit.",
W30,ARWC,Release and consequences,Open the gates,Process,0,4,0,0,0,Process interpretation AND (W28 OR W26 control) AND W25,Bind the intended outlet group to the control client; satisfy the documented mode sequence; cause gate opening; independently demonstrate the resulting volume change. Merge the last pair if verification is trivial.,
W31,ARWC,Release and consequences,The diagnostic vault,Native,0,1,1,2,0,W21; optional native diagnostic service,"Find the formatting/length discrepancy; combine it with the parser boundary error; construct control over the saved execution state; obtain the diagnostic service privilege despite its stack protection. Optional alternative control research, not a finale requirement.",C22
W32,ARWC,Release and consequences,Replay is not reality,Native,0,1,2,1,0,W21; optional offline replay artifact,Identify the replay tool's entity/component layout; reconstruct the relevant update systems; recover the hidden state condition; produce a trace that exposes why replay and live process disagree. Distinct from modifying the actual process.,C26
